Data,Acessos
01/05/2024,127
02/05/2024,520
03/05/2024,522
04/05/2024,127
05/05/2024,130
06/05/2024,133
07/05/2024,135
08/05/2024,137
09/05/2024,137
10/05/2024,137
11/05/2024,522
12/05/2024,512
13/05/2024,125
14/05/2024,145
15/05/2024,127
16/05/2024,130
17/05/2024,132
18/05/2024,530
19/05/2024,545
20/05/2024,125
21/05/2024,127
22/05/2024,132
23/05/2024,132
24/05/2024,130
25/05/2024,127
26/05/2024,520
27/05/2024,522
28/05/2024,127
29/05/2024,127
30/05/2024,130
31/05/2024,133
01/06/2024,135
02/06/2024,137
03/06/2024,522
04/06/2024,512